Workbook

Sheet Wide_Format
A1: Tiger Population Data — India Featured Reserves (2006–2022)
A2: Reserve_Name | B2: State | C2: Reserve_ID | D2: Baseline_Year | E2: Year_2006 | F2: Year_2010 | G2: Year_2014 | H2: Year_2018 | I2: Year_2022 | J2: Abs_Change | K2: Pct_Change | L2: AAGR | M2: Notes
A3: Bandipur National Park | B3: Karnataka | C3: 1 | D3: 2006 | E3: 68 | F3: 100 | G3: 120 | H3: 126 | I3: 150 | J3: =I3-E3 -> 82 | K3: =IF(E3=0,"",((I3-E3)/E3)*100) -> 120.58824 | L3: =IF(E3=0,"",(POWER(I3/E3,1/16)-1)*100) -> 5.0688301 | M3: 2006/2010 from Singh & Sen (2015); cross-validated vs NTCA 2014
A4: Nagarahole National Park | B4: Karnataka | C4: 2 | D4: 2006 | E4: 78 | F4: 78 | G4: 101 | H4: 127 | I4: 141 | J4: =I4-E4 -> 63 | K4: =IF(E4=0,"",((I4-E4)/E4)*100) -> 80.769231 | L4: =IF(E4=0,"",(POWER(I4/E4,1/16)-1)*100) -> 3.7696333 | M4: 2006/2010 from Singh & Sen (2015); cross-validated vs NTCA 2014
A5: Kanha National Park | B5: Madhya Pradesh | C5: 3 | D5: 2006 | E5: 89 | F5: 60 | G5: 80 | H5: 88 | I5: 105 | J5: =I5-E5 -> 16 | K5: =IF(E5=0,"",((I5-E5)/E5)*100) -> 17.977528 | L5: =IF(E5=0,"",(POWER(I5/E5,1/16)-1)*100) -> 1.0386316
A6: Pench Tiger Reserve (Combined) | B6: MP / Maharashtra | C6: 4 | D6: 2006 | E6: 33 | F6: 65 | G6: 43 | H6: 61 | I6: 77 | J6: =I6-E6 -> 44 | K6: =IF(E6=0,"",((I6-E6)/E6)*100) -> 133.33333 | L6: =IF(E6=0,"",(POWER(I6/E6,1/16)-1)*100) -> 5.4383374 | M6: MP+MH combined landscape; NTCA does not report state split consistently
A7: Ranthambore Tiger Reserve | B7: Rajasthan | C7: 6 | D7: 2006 | E7: 32 | F7: 31 | G7: 37 | H7: 53 | I7: 57 | J7: =I7-E7 -> 25 | K7: =IF(E7=0,"",((I7-E7)/E7)*100) -> 78.125 | L7: =IF(E7=0,"",(POWER(I7/E7,1/16)-1)*100) -> 3.6741074 | M7: Reserve_ID 5 intentionally unused (was Pench MH before consolidation)
A8: Kaziranga National Park | B8: Assam | C8: 7 | D8: 2010 | F8: 106 | G8: 103 | H8: 104 | I8: 104 | J8: =I8-F8 -> -2 | K8: =IF(F8=0,"",((I8-F8)/F8)*100) -> -1.8867925 | L8: =IF(F8=0,"",(POWER(I8/F8,1/12)-1)*100) -> -0.15860904 | M8: No 2006 survey conducted; baseline = 2010
A9: Jim Corbett National Park | B9: Uttarakhand | C9: 8 | D9: 2006 | E9: 164 | F9: 214 | G9: 215 | H9: 231 | I9: 260 | J9: =I9-E9 -> 96 | K9: =IF(E9=0,"",((I9-E9)/E9)*100) -> 58.536585 | L9: =IF(E9=0,"",(POWER(I9/E9,1/16)-1)*100) -> 2.9219708
A12: Field Glossary
A13: Reserve_Name | B13: Official/standardized reserve name (matches Reserve_Name_Std in ArcGIS)
A14: Reserve_ID | B14: Unique integer key (1–8); ID 5 intentionally unused after Pench consolidation
A15: Baseline_Year | B15: First census year with data; 2010 for Kaziranga, 2006 for all others
A16: Year_XXXX | B16: NTCA point estimate (midpoint of confidence interval) for that census year
A17: Abs_Change | B17: Population: final census minus baseline census
A18: Pct_Change | B18: % change from baseline to 2022
A19: AAGR | B19: Average Annual Growth Rate (%): compound rate over census window
A20: NULL (Kaziranga 2006) | B20: No NTCA survey conducted in 2006 at Kaziranga; cell left blank intentionally

Sheet Long_Format
A1: Tiger Population — Long Format (one row per reserve × census year)
A2: Reserve_Name | B2: State | C2: Reserve_ID | D2: Baseline_Year | E2: Census_Year | F2: Population | G2: Is_Baseline_Year | H2: Data_Available
A3: Bandipur National Park | B3: Karnataka | C3: 1 | D3: 2006 | E3: 2006 | F3: 68 | G3: Yes | H3: Yes
A4: Bandipur National Park | B4: Karnataka | C4: 1 | D4: 2006 | E4: 2010 | F4: 100 | G4: No | H4: Yes
A5: Bandipur National Park | B5: Karnataka | C5: 1 | D5: 2006 | E5: 2014 | F5: 120 | G5: No | H5: Yes
A6: Bandipur National Park | B6: Karnataka | C6: 1 | D6: 2006 | E6: 2018 | F6: 126 | G6: No | H6: Yes
A7: Bandipur National Park | B7: Karnataka | C7: 1 | D7: 2006 | E7: 2022 | F7: 150 | G7: No | H7: Yes
A8: Nagarahole National Park | B8: Karnataka | C8: 2 | D8: 2006 | E8: 2006 | F8: 78 | G8: Yes | H8: Yes
A9: Nagarahole National Park | B9: Karnataka | C9: 2 | D9: 2006 | E9: 2010 | F9: 78 | G9: No | H9: Yes
A10: Nagarahole National Park | B10: Karnataka | C10: 2 | D10: 2006 | E10: 2014 | F10: 101 | G10: No | H10: Yes
A11: Nagarahole National Park | B11: Karnataka | C11: 2 | D11: 2006 | E11: 2018 | F11: 127 | G11: No | H11: Yes
A12: Nagarahole National Park | B12: Karnataka | C12: 2 | D12: 2006 | E12: 2022 | F12: 141 | G12: No | H12: Yes
A13: Kanha National Park | B13: Madhya Pradesh | C13: 3 | D13: 2006 | E13: 2006 | F13: 89 | G13: Yes | H13: Yes
A14: Kanha National Park | B14: Madhya Pradesh | C14: 3 | D14: 2006 | E14: 2010 | F14: 60 | G14: No | H14: Yes
... A27: Ranthambore Tiger Reserve | B27: Rajasthan | C27: 6 | D27: 2006 | E27: 2022 | F27: 57 | G27: No | H27: Yes
A28: Kaziranga National Park | B28: Assam | C28: 7 | D28: 2010 | E28: 2006 | G28: No | H28: No
A29: Kaziranga National Park | B29: Assam | C29: 7 | D29: 2010 | E29: 2010 | F29: 106 | G29: Yes | H29: Yes
A30: Kaziranga National Park | B30: Assam | C30: 7 | D30: 2010 | E30: 2014 | F30: 103 | G30: No | H30: Yes
A31: Kaziranga National Park | B31: Assam | C31: 7 | D31: 2010 | E31: 2018 | F31: 104 | G31: No | H31: Yes
A32: Kaziranga National Park | B32: Assam | C32: 7 | D32: 2010 | E32: 2022 | F32: 104 | G32: No | H32: Yes
A33: Jim Corbett National Park | B33: Uttarakhand | C33: 8 | D33: 2006 | E33: 2006 | F33: 164 | G33: Yes | H33: Yes
A34: Jim Corbett National Park | B34: Uttarakhand | C34: 8 | D34: 2006 | E34: 2010 | F34: 214 | G34: No | H34: Yes
A35: Jim Corbett National Park | B35: Uttarakhand | C35: 8 | D35: 2006 | E35: 2014 | F35: 215 | G35: No | H35: Yes
A36: Jim Corbett National Park | B36: Uttarakhand | C36: 8 | D36: 2006 | E36: 2018 | F36: 231 | G36: No | H36: Yes
A37: Jim Corbett National Park | B37: Uttarakhand | C37: 8 | D37: 2006 | E37: 2022 | F37: 260 | G37: No | H37: Yes
A40: Usage Notes
A41: • This sheet is optimised for ArcGIS Pro table joins and Excel/Python chart generation.
A42: • Join to Project_Reserves_Clean on Reserve_ID (integer) or Reserve_Name (text).
A43: • Filter Data_Available = 'Yes' before running population trend charts.
A44: • Filter Is_Baseline_Year = 'Yes' to highlight the first census year per reserve.
A45: • Kaziranga 2006 row retained with NULL population so the temporal record is complete.

Sheet Growth_Summary
A1: Growth Summary — Quick Reference
A2: Reserve_Name | B2: State | C2: Reserve_ID | D2: Baseline | E2: Pop_Baseline | F2: Pop_2022 | G2: Abs_Change | H2: Pct_Change | I2: AAGR | J2: Rank_PctChange
A3: =Wide_Format!A3 -> Bandipur National Park | B3: =Wide_Format!B3 -> Karnataka | C3: =Wide_Format!C3 -> 1 | D3: =Wide_Format!D3 -> 2006 | E3: 68 | F3: 150 | G3: =Wide_Format!J3 -> 82 | H3: =Wide_Format!K3 -> 120.58824 | I3: =Wide_Format!L3 -> 5.0688301 | J3: =IF(B3="Assam","*",RANK(H3,H3:H9,0)) -> 2
A4: =Wide_Format!A4 -> Nagarahole National Park | B4: =Wide_Format!B4 -> Karnataka | C4: =Wide_Format!C4 -> 2 | D4: =Wide_Format!D4 -> 2006 | E4: 78 | F4: 141 | G4: =Wide_Format!J4 -> 63 | H4: =Wide_Format!K4 -> 80.769231 | I4: =Wide_Format!L4 -> 3.7696333 | J4: =IF(B4="Assam","*",RANK(H4,H3:H9,0)) -> 3
A5: =Wide_Format!A5 -> Kanha National Park | B5: =Wide_Format!B5 -> Madhya Pradesh | C5: =Wide_Format!C5 -> 3 | D5: =Wide_Format!D5 -> 2006 | E5: 89 | F5: 105 | G5: =Wide_Format!J5 -> 16 | H5: =Wide_Format!K5 -> 17.977528 | I5: =Wide_Format!L5 -> 1.0386316 | J5: =IF(B5="Assam","*",RANK(H5,H3:H9,0)) -> 6
A6: =Wide_Format!A6 -> Pench Tiger Reserve (Combined) | B6: =Wide_Format!B6 -> MP / Maharashtra | C6: =Wide_Format!C6 -> 4 | D6: =Wide_Format!D6 -> 2006 | E6: 33 | F6: 77 | G6: =Wide_Format!J6 -> 44 | H6: =Wide_Format!K6 -> 133.33333 | I6: =Wide_Format!L6 -> 5.4383374 | J6: =IF(B6="Assam","*",RANK(H6,H3:H9,0)) -> 1
A7: =Wide_Format!A7 -> Ranthambore Tiger Reserve | B7: =Wide_Format!B7 -> Rajasthan | C7: =Wide_Format!C7 -> 6 | D7: =Wide_Format!D7 -> 2006 | E7: 32 | F7: 57 | G7: =Wide_Format!J7 -> 25 | H7: =Wide_Format!K7 -> 78.125 | I7: =Wide_Format!L7 -> 3.6741074 | J7: =IF(B7="Assam","*",RANK(H7,H3:H9,0)) -> 4
A8: =Wide_Format!A8 -> Kaziranga National Park | B8: =Wide_Format!B8 -> Assam | C8: =Wide_Format!C8 -> 7 | D8: =Wide_Format!D8 -> 2010 | E8: 106 | F8: 104 | G8: =Wide_Format!J8 -> -2 | H8: =Wide_Format!K8 -> -1.8867925 | I8: =Wide_Format!L8 -> -0.15860904 | J8: =IF(B8="Assam","*",RANK(H8,H3:H9,0)) -> *
A9: =Wide_Format!A9 -> Jim Corbett National Park | B9: =Wide_Format!B9 -> Uttarakhand | C9: =Wide_Format!C9 -> 8 | D9: =Wide_Format!D9 -> 2006 | E9: 164 | F9: 260 | G9: =Wide_Format!J9 -> 96 | H9: =Wide_Format!K9 -> 58.536585 | I9: =Wide_Format!L9 -> 2.9219708 | J9: =IF(B9="Assam","*",RANK(H9,H3:H9,0)) -> 5
A12: * Kaziranga ranked separately — 2010-2022 window vs 2006-2022 for all others; not directly comparable.
